Participant_ID,Name,Email,Age,Gender,Day,Hackathon_Domain,Score,Feedback,City
7555,Albert Patton,usmith@example.com,22,Male,2,AI & ML,57,Create this politics television lay.,New Benjaminberg
2320,Julie Snyder,jason79@example.net,37,Female,1,Cybersecurity,55,Hotel understand week community political ask.,East Marieberg
2675,Kelly Simmons,olsonmario@example.com,39,Female,2,Cybersecurity,52,Key car particularly record wind difference.,East Jennifertown
2769,Andrea Hernandez,wsanders@example.org,38,Female,1,Cybersecurity,69,Perform data sister week baby.,New Jason
9087,Dorothy Hogan,mariamitchell@example.org,40,Female,2,Blockchain,98,Major area music true range officer camera become.,Garciatown
8816,Shawn Simpson,carrjoseph@example.net,40,Male,1,IoT,59,Rest yeah blood himself maintain your understand.,New Melody
2100,Beth Alexander,ikennedy@example.net,39,Female,1,Cybersecurity,55,Process owner reach skin piece thank.,Blacktown
1887,George Anderson,charleswilliams@example.com,28,Other,2,IoT,72,Song myself whole conference response mother note.,Craighaven
4829,Caitlyn Morris,victorpugh@example.com,19,Male,3,Cybersecurity,61,Wall thought summer by.,Tylerport
5075,Jonathan Short,ihunter@example.com,40,Male,2,IoT,62,Outside course firm traditional guess same performance usually.,New John
6022,Angel Mccullough,ymoore@example.org,36,Male,2,Web Development,91,Theory beyond parent once official.,New Jessicachester
5890,Brooke Lindsey,joshuawilliams@example.com,26,Other,2,Web Development,75,Fight beautiful main wind account.,Robertsonberg
3384,Cameron Johnson,eingram@example.com,38,Female,1,Blockchain,61,Himself stage summer adult space read our top.,Melindaland
8575,Jessica Bennett,rowlandjerry@example.org,27,Other,1,Blockchain,86,Admit difference walk manage party young appear exactly.,New Autumn
5294,Angelica Mcdaniel,kelsey22@example.org,27,Male,2,IoT,50,Administration especially expect or economic nation.,West Danielhaven
8407,Robert Sullivan,sherrygiles@example.net,33,Other,1,IoT,92,Wear treat child them foreign present.,Rogersville
2475,Brenda Johnson,colerodriguez@example.net,32,Female,2,AI & ML,71,Blood these rich hospital just entire.,Harrellfurt
3049,Bryan Roth,carla19@example.com,38,Male,3,Cybersecurity,72,Prevent ball contain about agent civil.,Wheelerstad
6106,James Cook,zlewis@example.com,24,Female,2,Cybersecurity,50,Simply both suddenly.,New Jacqueline
3464,David Campbell,andrewsjason@example.com,21,Other,2,Cybersecurity,64,Care investment recent section live report nearly.,Brianside
8242,Amanda Smith MD,rachelramos@example.com,26,Male,2,Web Development,84,Soldier eat seat serve technology stuff.,Herbertbury
8505,Jennifer Hartman,johnrichardson@example.org,35,Female,1,IoT,63,Represent hope involve until good.,Lake Sarahland
1714,Cindy Dorsey,gregoryle@example.com,38,Female,2,Cybersecurity,81,Build life minute word blood reveal.,East Melissafort
8857,Dale Cox,davidchavez@example.org,37,Other,1,Cybersecurity,62,Man throughout change thus executive executive.,Lake Lawrence
1317,Veronica Myers,marquezteresa@example.org,22,Female,1,IoT,96,Add five yard safe lot.,Port Jacquelineshire
6392,Lori Roman,jason53@example.net,24,Male,1,IoT,82,Miss deal clearly past old may.,South Andrea
2954,Emily Galvan,hannahmartin@example.org,19,Female,2,Blockchain,65,Responsibility Mr pull million event describe.,Russellborough
6604,Melissa Harper,thomasmoore@example.net,18,Other,2,IoT,86,Hospital TV executive author eat lay.,North Christopher
3543,Timothy Wilson,kathrynruiz@example.net,18,Other,2,Cybersecurity,83,Instead action college measure.,North Sarah
5564,Tyler Preston,kristine74@example.com,24,Other,1,Blockchain,64,Loss store page moment floor pick well.,Adkinsshire
9611,Bonnie Davis,nicolestewart@example.net,23,Other,1,Web Development,52,Identify cultural remain space later all anyone.,Port Brittany
6428,Gabriela Matthews,mary81@example.com,24,Other,2,Web Development,66,Scientist best strategy second go.,New Cameronville
6400,Kevin Hart,bhumphrey@example.org,34,Female,2,Web Development,59,Activity role parent rest sit.,Hendersonfort
1205,George Lynn,chawkins@example.com,35,Other,2,Web Development,98,Rich agency brother fear.,Kylemouth
8097,Kelly Hood,willie56@example.net,40,Other,3,IoT,72,But that hot visit message.,Pearsonstad
6322,Alejandro Stark,harmoncynthia@example.org,19,Other,3,AI & ML,67,Audience catch beat interest military sport take.,Shermanchester
9281,William Johnson,williamsjames@example.net,19,Female,3,Web Development,60,Relationship deep compare.,Lake Joann
6507,Mary Mills,marie64@example.org,35,Female,1,Web Development,66,Still civil role want.,Lake Heather
7156,Benjamin Simmons,alyssaflores@example.com,32,Other,2,Web Development,88,Site even explain speech speak floor.,Mackville
5128,Julia Henderson,jon68@example.com,28,Male,2,IoT,55,Political two situation manager face benefit others.,Danielletown
7829,Tiffany May,qphillips@example.net,23,Male,3,IoT,87,For blood audience pick conference suggest suggest.,Ryantown
7623,Melissa Hughes,todd71@example.net,39,Other,3,Web Development,69,Tend easy experience than.,Whitneyberg
2136,Kim Johnson,richardcastillo@example.net,35,Other,1,AI & ML,61,Themselves blood window.,Jamesmouth
8484,Ashley Welch,wmartinez@example.org,21,Other,1,Blockchain,89,Weight year former truth always degree.,Thomasland
9665,Brian Baxter,zhood@example.com,27,Male,1,AI & ML,99,Wide admit suffer child day daughter.,New Tammymouth
1304,Stacey Rodriguez,jean66@example.net,36,Other,3,IoT,81,Fall sing performance have.,Garciafurt
8910,Gregory Underwood,tbutler@example.net,20,Other,2,Blockchain,98,Be team player offer group doctor approach.,Lake George
8902,Veronica Kidd,dgarcia@example.net,23,Male,1,Blockchain,86,Meet free assume three man perform.,Robertschester
6847,Lawrence Diaz,victor04@example.net,29,Male,1,Blockchain,86,Care low community car claim seat beautiful.,Whitneyville
1700,Jacob Gonzalez,vanessa22@example.com,32,Other,3,AI & ML,53,Easy south fill dream.,Lake Claireview
1883,Mary Walker,donna13@example.com,28,Other,2,Blockchain,57,Decide win perhaps.,Lake Ryantown
5260,James Jones,vspencer@example.org,19,Male,2,Blockchain,98,International day open seat inside perhaps Mr rate.,New Robertside
1782,Raymond Trevino,lisaingram@example.com,32,Male,1,AI & ML,75,Agent government look kitchen for.,Ashleybury
6957,Amanda Pena,amyharris@example.org,38,Female,2,Blockchain,53,Ever camera that travel happy they small.,East Christian
4191,Larry Harris,johnroman@example.com,39,Male,1,Blockchain,91,Anyone attorney doctor level us eight happy.,Lake Jonathan
8672,Kim George,rebeccamcgee@example.org,23,Male,2,Blockchain,93,Ten expect other difference.,Wilsonton
1575,Christopher Cervantes,erodriguez@example.net,30,Female,3,Blockchain,76,Too find wide citizen amount.,North Randy
2721,Aaron Hunter,vangtaylor@example.com,23,Female,2,Cybersecurity,91,Single modern decade share ground Mr.,East Kenneth
9358,Tony Howard,ebecker@example.org,37,Female,2,AI & ML,93,Make week behind factor another if put detail.,Cameronhaven
2340,Deborah Allen,toniramirez@example.com,37,Male,2,IoT,84,Himself season process community receive.,East David
8701,Juan Griffin,christopher86@example.com,27,Other,1,IoT,58,Pull white find follow.,Brentborough
4985,Allen Wilson,vmiranda@example.com,19,Male,3,AI & ML,53,I type still call cover write Mr impact.,Benjaminton
7102,Luis Wilson,yatesjimmy@example.org,27,Female,2,Blockchain,87,Seem travel would.,Sherrifort
5404,Anna Lawson,kerri56@example.com,35,Female,1,Blockchain,78,Laugh raise dog government leader voice.,Andreaside
5606,Kimberly Navarro,sandra76@example.net,33,Female,2,Web Development,95,President treat act rest government ask.,West Jennifertown
5412,James Gordon,kellyperez@example.com,38,Female,3,IoT,59,Throughout among myself home role begin exactly.,Susanmouth
1751,Denise Valdez,moorejenna@example.org,24,Other,3,IoT,96,Hit impact particular address.,Torrestown
9414,Joshua Benson,jade52@example.com,36,Female,1,IoT,63,Than easy hold agent.,Port Tanyaville
4636,Elizabeth Cooper,zreynolds@example.org,25,Female,1,AI & ML,60,Police sort street building must.,East Stephanieville
8109,Cynthia Cook,mccoyolivia@example.net,18,Female,1,AI & ML,51,What majority management raise least.,North Dale
9794,Michael Jones,hflynn@example.org,20,Female,3,Cybersecurity,51,Change herself final suddenly hard already.,Port Luis
7900,Caitlin Gregory,kirstensalinas@example.com,37,Female,2,AI & ML,67,Assume officer law lay own represent prevent find.,Griffinchester
2334,Alexander Brown,njones@example.org,27,Male,2,Blockchain,63,Good industry spend ok different.,North Tina
6085,Steven Peters II,james38@example.org,40,Male,2,IoT,91,But his determine relate friend.,Lake Donald
6032,Danielle Ward,collinsheidi@example.com,26,Other,2,AI & ML,83,Evening catch in account door difficult.,Port Laurafort
4437,Henry Johnson,jamesleonard@example.org,39,Female,1,Cybersecurity,93,Know question answer Congress simply seek spring.,North Susan
3344,Adrienne Rivera,rick97@example.com,19,Male,3,AI & ML,52,Watch focus could assume show.,Kylefort
3487,Yolanda Lee,hsmith@example.com,32,Male,3,Blockchain,82,Type church agent range upon dinner.,Pottsfort
7158,Chad Hawkins,kstewart@example.org,36,Male,1,AI & ML,76,Within charge good production through tend street.,West Craigville
1311,Thomas Jenkins,molly01@example.org,35,Female,2,AI & ML,95,Great kind important order personal reveal.,Port Alexander
1285,Tina Riley,jeffrey52@example.net,39,Female,1,Cybersecurity,50,Agent organization table defense store necessary threat.,Brianaton
8260,Austin Benitez,davidlawrence@example.net,33,Female,1,Blockchain,55,Quality reality room enough.,Haaston
2135,James Hughes,matthewchandler@example.net,36,Male,2,Blockchain,90,Area interview everything shoulder early high recently beyond.,New Timothyton
4574,Laura Olson,vbates@example.org,26,Other,1,AI & ML,81,Commercial western edge civil Mrs low.,East Dennismouth
5913,Olivia Moss,timothyhouston@example.com,20,Female,2,Cybersecurity,89,Drug lay arm health car science structure.,Mooremouth
3534,Timothy Horton,owenschristopher@example.com,32,Male,1,AI & ML,78,What enter foreign require.,Gibsonview
5201,Larry Mcgrath,schaeferjames@example.org,36,Other,3,IoT,74,Admit city almost about record economic order.,Port Sandrastad
1322,William Edwards,lisabowman@example.com,32,Other,3,AI & ML,62,Majority type bad behavior local how move.,Davidburgh
7480,Caitlin Graham,gary40@example.org,28,Male,3,Blockchain,92,Hand deal include good season discuss wait.,Holtview
6990,Kathryn Phillips,carpenterjuan@example.org,26,Male,1,Cybersecurity,55,Bit represent bill southern note.,West Oscar
7540,John Lopez,lammichael@example.org,31,Other,1,IoT,55,Run oil nearly.,Ortegamouth
9473,Rachel Blair,michelledorsey@example.net,40,Male,3,IoT,55,Skin on heavy including determine ball some.,South Melissaborough
2834,Michael Garcia,karen13@example.org,38,Female,1,AI & ML,53,Matter join sing heart cost.,New Michelletown
4859,Jerry Gutierrez,stephensbetty@example.org,34,Female,1,Blockchain,82,Billion north talk decision young.,Villabury
1695,Kenneth Perez,angela50@example.net,27,Female,3,Web Development,88,Job explain design media newspaper quality others.,Natalieside
6057,Kara Gonzalez,kramerlisa@example.com,30,Other,1,AI & ML,70,Kid yet really thing bed suddenly.,East Eric
8772,Rebecca Rivera,sarahhill@example.com,20,Other,2,IoT,84,Close candidate take religious open sure beat.,East Danielshire
6688,David Roach,jessica45@example.com,32,Other,3,Cybersecurity,68,Program can success.,Lake Paul
6977,Jill Alexander,mcbridejeffrey@example.org,24,Female,3,Blockchain,59,Up career fill teacher statement piece.,Lake Cynthiabury
3450,Jennifer Flores,renee19@example.com,22,Male,2,AI & ML,76,Each recent book.,Clarkview
4332,Emily Schroeder,othomas@example.com,36,Other,2,Web Development,51,Administration doctor bag.,Lake Mikeside
1352,Charlotte Payne,nbutler@example.org,23,Male,2,AI & ML,69,Into together water own other not.,Morrisonbury
5466,Tammy Thompson,stephanie48@example.org,39,Other,1,Blockchain,76,Send edge share skin.,Bensonstad
4422,Tricia Kim,coltonbarnes@example.com,27,Female,2,AI & ML,56,Seem politics rate will late relationship lay.,East Dawnburgh
4255,Samantha Harrison,jasondelgado@example.net,37,Male,3,AI & ML,67,Career role nice.,Port Michaelland
3771,Stephanie Rios,adriennerandolph@example.org,39,Male,2,IoT,58,Remember herself focus result whole total.,South Karimouth
7216,Donna Vaughan,zparker@example.com,28,Female,3,IoT,88,Shake class fly movie.,East Spencer
6056,Monica Clark,heather64@example.org,38,Male,3,Cybersecurity,92,North read war popular.,Kramerborough
9379,Rachel Short,douglas79@example.com,24,Female,2,Blockchain,72,Successful street financial charge race choose take.,Wintersland
4284,Paul Wood,donna87@example.net,35,Male,2,IoT,78,Catch edge bag American huge test enter.,Lake Thomas
7963,Charles Elliott,dwebb@example.net,32,Male,2,Cybersecurity,97,Eat top suddenly free agreement person wait.,East Kelly
1151,Beth Newman,eramos@example.org,35,Female,2,IoT,60,Family American paper sell cover.,Riceshire
2824,Dr. Leon Richardson MD,kevin31@example.org,35,Female,2,Blockchain,77,Your perform this less add call.,North Stephanietown
9461,Samuel Barnes,david55@example.net,38,Male,1,IoT,89,Marriage eye civil to business cost.,Robinsontown
1551,Marcus Reeves,sharonlarson@example.net,25,Female,2,Blockchain,54,Usually vote else know throughout.,Andersontown
2636,Christine Nelson,barnesdaniel@example.net,40,Female,1,Cybersecurity,70,Wish street audience analysis third yard.,Marcusborough
9081,Derrick Patterson,caitlinwilliams@example.org,32,Other,1,Cybersecurity,87,Occur relate approach left professional wife.,Padillastad
2902,Taylor Thomas,waltonangela@example.org,27,Female,1,AI & ML,59,Analysis practice teach hold store wide.,South Nicoleburgh
3108,Catherine Salazar,schwartzgregory@example.net,36,Other,2,IoT,74,First government old either mission.,New Davidview
5103,Margaret Holmes,sthomas@example.com,39,Female,1,Cybersecurity,100,Rather ten pay level energy country budget.,East Jessicafort
1980,Paul Nichols,kevinwhite@example.net,37,Female,1,Cybersecurity,58,Personal mother activity they real.,Tammyshire
6831,Margaret Lawson,zsanchez@example.net,21,Other,1,Cybersecurity,92,Daughter four few example.,Murphyside
7655,Mark Nguyen,brownjesse@example.org,34,Other,1,Blockchain,96,Performance citizen big.,Jenniferburgh
6882,Stephanie Williams,steven24@example.com,36,Other,1,IoT,95,Color figure media somebody idea leave put tree.,South Aprilport
2825,Joseph Vincent,craigregina@example.org,21,Male,3,Blockchain,85,Hair summer TV learn performance.,New Julietown
8912,Beth Martinez,johnsonallen@example.net,34,Other,3,AI & ML,53,Avoid control crime usually certain majority.,East Hollystad
5883,Andrea Hickman,calvin44@example.com,24,Male,2,IoT,59,Outside during economic also organization teach idea.,Lawrencetown
5053,Michael Carpenter,tstephenson@example.org,29,Male,1,IoT,69,Bag rate local concern quality.,New Paula
8458,Billy Stone,jphelps@example.net,32,Male,3,Blockchain,55,Question power become guy.,New Lindsay
1255,Gerald Chandler,rivaskatherine@example.com,20,Female,3,AI & ML,92,Month indeed drop box become.,Jennaland
6553,Tammy Huff,mark28@example.net,28,Male,2,Cybersecurity,59,Me person either learn.,Lake Crystalfort
7460,Katherine Klein,washingtonjohn@example.com,38,Other,1,Blockchain,91,Interesting from economic church.,Debraburgh
6542,Jennifer May,jeffrey47@example.org,32,Female,1,Cybersecurity,96,Property reduce pressure risk feeling add charge.,West Mariamouth
5827,Cody Phillips,johnallen@example.org,22,Other,3,IoT,55,Real reality describe remember teacher option require.,West Ericaberg
5621,Kimberly Barnett,woodardlisa@example.org,21,Female,2,IoT,59,At like interest sell sister.,Lake Annette
7556,Ethan Smith,alexa98@example.org,35,Other,1,AI & ML,65,Either soon kid market amount name.,South Elijahbury
5139,Richard Carr,michaelcook@example.net,34,Female,3,AI & ML,53,You candidate live result toward air.,South Douglas
9632,Marissa Shelton,daniel52@example.net,21,Other,1,Blockchain,86,Must relate act.,East Maryborough
3650,James Young,mcdonaldalexis@example.net,36,Other,1,Blockchain,87,Religious amount despite else own.,Andrewchester
5186,Brandy Cox,rsanchez@example.com,33,Female,2,Blockchain,64,Coach prepare method ok side summer second.,Ginamouth
9878,Mr. Matthew Parker,shauncarr@example.net,24,Other,3,Web Development,92,She sometimes yet act discussion.,North Kylieborough
5665,Ashley Dixon MD,mcdonaldlori@example.net,19,Female,3,Cybersecurity,76,Before learn party camera take understand well.,Lake Annastad
9374,Antonio Smith,adam38@example.com,30,Other,3,Cybersecurity,70,Purpose research style case.,Lake Anthonychester
7850,Destiny Gillespie,ocooper@example.net,26,Female,1,IoT,76,Decision president case then.,Simonshire
9108,Dakota Lawson,rgarcia@example.net,21,Other,3,IoT,71,Ever adult possible part discuss same.,Lake Jessica
4812,Brandon Dickson,arthurdelacruz@example.com,27,Male,2,AI & ML,86,Care defense work whole nature it we.,Marcusstad
9293,Mary Leonard,yromero@example.com,28,Male,2,Blockchain,82,Enter for black worker student.,East Kristin
5900,Robert Molina,christina64@example.net,33,Other,2,IoT,91,Even ago event want city what.,Edwardsshire
6046,Michael Nolan,jonathanespinoza@example.com,21,Female,3,Cybersecurity,53,Per next fall instead.,Lake Nancymouth
3606,Michelle Harris,uholland@example.net,35,Female,2,Web Development,89,Right might every.,Raymondhaven
8926,Shelia Cooper,john56@example.org,33,Male,2,Web Development,63,While woman education father speech.,Hinesland
3064,Debra Foster,peter14@example.com,23,Male,2,AI & ML,70,Health admit oil among hospital alone allow.,North Terri
5964,Alex Wall,chad84@example.org,23,Male,2,Web Development,68,Significant lose avoid which.,West Sydneyborough
8640,Amy Hoffman,nicholas39@example.com,18,Other,3,Blockchain,62,Get which leave stuff.,North Chrisville
6386,Sarah Marquez,marcwhite@example.net,38,Other,1,Blockchain,87,Along air group six.,Charlottemouth
5162,Heather Brown,emilyjames@example.net,38,Female,3,Web Development,98,About full name whom.,South Angel
4807,Crystal Arellano,howard76@example.org,28,Male,1,Blockchain,68,Arm job give bill Republican and.,Petersonmouth
2691,Gina Fisher,osanchez@example.net,33,Male,2,Cybersecurity,92,Media writer expert quality inside wrong.,Arnoldbury
7379,Carmen Charles,samuel61@example.org,29,Female,3,Blockchain,58,Myself cup effect sister speech spring join no.,New Chad
5609,Douglas Campbell,norman62@example.org,32,Female,3,IoT,80,Majority rule either energy how thus.,East Jessicaside
3823,Nicholas Molina,joseph46@example.com,31,Other,2,Cybersecurity,80,Keep total data hundred her degree animal.,Port William
2648,Caitlin Dixon,paulperez@example.net,30,Female,2,Web Development,67,Go nature table by positive.,Holtberg
3295,Donald Welch,fward@example.com,38,Male,1,AI & ML,83,Involve of manage career always discuss matter economic.,East Terrimouth
1262,Garrett Nelson,lindsaywilliams@example.com,38,Male,2,AI & ML,75,Go movie manage spend anyone.,Jaimeville
5670,Nathan Vazquez,jacksontoni@example.com,24,Female,3,Cybersecurity,56,Policy race loss condition year administration good her.,Brownstad
5649,David Davis,andrew64@example.net,23,Female,2,AI & ML,67,Modern maybe oil music money house.,Lake Catherineview
6575,Terrence Maxwell,jimmy10@example.org,28,Female,1,AI & ML,99,Woman then cover myself material remain certainly.,Scottport
3419,Lisa Perkins,smithveronica@example.org,36,Male,2,IoT,95,End better bed sign make listen.,North Garyton
2971,Juan Welch,ufigueroa@example.com,22,Other,3,IoT,58,Crime tend politics play now camera level must.,West Patricktown
5516,Bobby Jackson,kristaboone@example.com,40,Male,3,Blockchain,74,Easy week relate open story system now.,Lake Stephenmouth
2847,Deborah Costa,ashleybryant@example.com,34,Other,2,Blockchain,69,Blue common that little.,Juliatown
9753,Emily Nguyen,ellen94@example.com,19,Male,1,IoT,67,Social senior card TV people thank.,Lake Derek
9990,Ashley Dunn,ndavis@example.net,29,Female,3,Web Development,57,Situation become difference exist generation avoid.,Scottland
6314,Leah Moses,williamtorres@example.net,26,Male,3,IoT,83,Start often serve commercial.,Lake Russell
1977,John Nielsen,sabrinarivera@example.org,34,Other,2,Blockchain,96,Star difference so night including benefit admit.,New James
4462,Matthew Cunningham,msimmons@example.net,37,Male,2,Cybersecurity,54,Finish teacher conference rate.,East Ryan
5618,Brent Lee,katrina72@example.com,35,Female,2,AI & ML,92,Impact garden present century.,Donaldsonton
6450,Ronald Carlson,mckenziepatricia@example.net,26,Other,2,AI & ML,52,Development top rock crime car together order.,New Debra
4824,Teresa Hickman,william06@example.net,36,Other,2,Blockchain,56,Law green cut ten middle hit.,East Edward
3976,Kelly Fuller,jordanangela@example.org,36,Female,3,Web Development,95,Send ago condition difference.,Christineland
4931,Katherine Forbes,umullins@example.net,40,Male,3,Cybersecurity,52,Rather final less film look.,Barrettside
8477,Madison Taylor,nhopkins@example.com,33,Female,2,Cybersecurity,92,More however travel deal coach.,North Ryan
1161,Philip Adams,carol24@example.net,31,Male,3,IoT,95,Yes hear fine everybody hundred add.,Kingside
1020,Jaime Banks,williamsondana@example.org,23,Female,1,Web Development,94,Feel source we low star role avoid.,North Elizabethbury
7100,Jennifer Reed,jjackson@example.org,39,Male,1,IoT,99,Street event address across hope turn.,Davidshire
7195,Chad Rojas,qharris@example.org,23,Female,2,Web Development,97,Put four defense.,West Andrewberg
5655,Alexandra Young,rharding@example.net,22,Female,3,AI & ML,89,Western call source return small raise public.,Michaeltown
6714,Pamela Dominguez,williamowen@example.org,23,Male,3,Cybersecurity,91,Today news tend cut.,Sanchezstad
2998,Catherine Griffin,glenn26@example.net,20,Other,1,Blockchain,70,Feel yourself agreement age.,West Christiestad
7905,Thomas Anderson,jennifer79@example.com,24,Male,3,Cybersecurity,74,Series maintain writer media perhaps society.,North Laura
5924,Sara Richard,mjohnson@example.com,27,Female,3,Cybersecurity,79,Edge discover test research line wind actually.,West Ericberg
3054,Christopher Wade,bhamilton@example.net,23,Female,3,Cybersecurity,58,Industry participant design value event.,North Kennethton
6149,Tyler Johnson,paulbowman@example.net,20,Male,1,AI & ML,73,Degree series focus record.,Heatherborough
4344,Scott Glenn,colejames@example.org,18,Other,2,Blockchain,56,Professional time push bill political.,Port Keith
6506,Richard Gamble,jessicamurphy@example.net,34,Female,2,Blockchain,78,Prove community study free one structure bit several.,Kaisershire
5223,Mackenzie Walker,pwhite@example.com,37,Female,2,AI & ML,85,Whom purpose spend lot.,South Meghan
1498,Patricia Jackson,tinarogers@example.net,35,Female,3,AI & ML,82,Relationship wind should also movie magazine meet future.,Brentshire
4764,Anthony Chavez,cathyjames@example.net,39,Female,1,Cybersecurity,96,Hold stand mission front seat use.,Floydstad
6278,Joe Fleming,armstrongdeborah@example.com,20,Male,2,Web Development,74,Far understand claim adult often.,Martinezchester
9529,Jason Wolfe,zbrewer@example.net,34,Female,2,Blockchain,65,Sense chance throughout test.,East Austin
5347,Jeffrey Roberts,lanederrick@example.com,23,Other,3,Cybersecurity,97,Food personal boy idea she.,East Jasonborough
4188,Erin Scott,cherylschneider@example.org,22,Male,1,AI & ML,62,Above win policy occur sing final bit.,New Mckenziehaven
5676,Lauren Mack,james11@example.com,31,Male,2,AI & ML,70,Plan worker race stand they.,New Raymondshire
8999,James Matthews,imarquez@example.com,31,Male,2,IoT,71,Often successful that parent social rate.,West Roger
4225,James Nielsen,zarroyo@example.net,35,Female,3,IoT,57,Seek this kind activity yet.,Sanchezmouth
1397,Ashley Morrow,jennifer24@example.com,24,Female,3,Cybersecurity,96,Again summer growth develop that several rate.,Lake Eric
6650,Erin Baker,christopherhall@example.com,37,Male,2,Web Development,55,Front guy this ready.,Andrewville
9476,Jeremiah Sanchez,jennifer96@example.net,27,Other,3,AI & ML,76,Quite clear focus water.,Lake Daniel
4323,Margaret Stephens,sarahpace@example.org,26,Female,2,Blockchain,98,Story understand tax ever least.,Sheliaton
8066,Isabel Williams,edward27@example.com,35,Female,3,AI & ML,87,Congress item ability rock plant drug money.,Lake Marilyn
7291,Jessica Barnes,lynnmegan@example.net,28,Female,1,AI & ML,100,Provide open artist will.,New Jamesport
6678,Jenny Peterson DDS,mollykramer@example.net,30,Other,2,Blockchain,91,Source base imagine view officer travel.,Port Michaelland
7690,Stephen Russell,hoffmanpatrick@example.net,23,Female,1,AI & ML,71,Very let space age loss.,West Dannyhaven
5202,Teresa Smith,zlittle@example.org,34,Male,3,AI & ML,65,I number religious history cup front.,Wangshire
4718,Ashley Juarez,adamsimmons@example.com,35,Female,3,Cybersecurity,52,Person memory according else much.,East Kevinchester
5669,David Perez,christopherramirez@example.com,32,Other,2,Blockchain,68,President worry part boy social.,New Alicia
4586,Wendy Sanford,bryantkathryn@example.org,32,Male,1,IoT,78,Change class whom order feel learn.,Lake Michael
5709,Ellen Stokes,pamela83@example.net,39,Male,3,Blockchain,74,Admit future plan may despite recent family.,New Katherine
5219,Jeffery Bennett,hatfieldjose@example.com,40,Male,1,Cybersecurity,93,Use doctor break message.,North Deborahburgh
5918,Mary Crosby,brianshields@example.org,31,Female,2,Blockchain,71,Be behind worker level marriage find century stand.,Jameston
3621,Amanda Torres,duketara@example.com,35,Other,2,IoT,64,Wonder such establish culture speak his.,Codyport
2379,Vicki Holland,spencer19@example.net,36,Male,3,IoT,98,Success spend represent federal physical so Republican.,North Danielhaven
9277,Pamela Walker,cantujill@example.net,23,Other,1,AI & ML,59,Guy light improve anyone office soon several.,Wellsstad
6312,Joseph Lewis,ajones@example.org,36,Other,1,Blockchain,83,Behind next just quality.,West Charleschester
3042,Zachary Parker,billygross@example.org,20,Female,3,AI & ML,97,Order husband nation between bank amount.,New Ashleymouth
9173,Kimberly Rogers,haileystevens@example.org,20,Female,2,Blockchain,50,Carry pattern total report eye cup some.,Lake Richardton
1975,Heidi Jackson,brad07@example.org,34,Male,3,Blockchain,82,Early center develop movie purpose window candidate.,New Jamie
6808,Brittany Bradshaw,willie03@example.org,24,Other,3,AI & ML,68,Charge knowledge nothing book evening.,Seanport
6255,Christian Hicks,sharihamilton@example.com,31,Male,1,Cybersecurity,50,Little appear church law his area I in.,North Mia
3826,Robin Jones,zkoch@example.net,28,Male,2,Blockchain,99,Two control above chance.,South April
8502,Jordan Nelson,lindabond@example.net,38,Female,2,Blockchain,59,Like appear state travel we.,Cameronmouth
5910,Troy Garcia,mhood@example.com,21,Male,1,Cybersecurity,60,National position speak article although car.,Kristenshire
5339,George Garcia,danielburns@example.org,23,Male,3,AI & ML,56,Field life along girl stay magazine.,East Seanshire
9588,Jason Graham,michael33@example.org,21,Male,1,Cybersecurity,80,Organization price stand beyond nearly trip between.,Wilcoxstad
6254,Zachary Morton,kristin21@example.net,29,Female,2,Web Development,72,Civil million yet.,Lanceburgh
4194,Lauren James,michaelchaney@example.org,27,Female,1,Blockchain,94,Within through hundred or standard wait.,Lake Michael
5176,Matthew Martin,larmstrong@example.org,19,Male,3,Web Development,58,Wonder hit development where small trial.,East Mollyberg
4173,Manuel Brown,michaellee@example.com,28,Female,3,IoT,74,Feel purpose wall quite town look.,Charlesville
2468,Aaron White,kflores@example.net,34,Other,3,Blockchain,90,Machine move help police many shoulder.,Rebeccaside
6460,Samantha Lee,crystalchavez@example.org,29,Female,3,AI & ML,88,Write second owner have thought fish value.,Port Codyborough
4465,Nicholas Morales,logan68@example.org,31,Male,1,IoT,81,Once might pressure through series hot campaign.,West Michaelside
1914,William Farrell,jonathan72@example.org,29,Other,2,Blockchain,69,Response against enter project increase mouth result.,Brayborough
1188,Jeremy Pugh,ginabrooks@example.com,19,Other,3,IoT,69,Including information name dream success follow.,Kathleenland
4242,Timothy Acosta,gmeyer@example.net,18,Male,3,IoT,87,Several culture space strong.,Tonyaland
5225,April Baker,reyesjoseph@example.com,29,Male,2,IoT,67,The feeling need indeed sign family.,South Christystad
9491,Christine Wilson,regina98@example.com,34,Female,3,Blockchain,68,Improve bag cost task your.,West Anthonyport
7319,Robert Pearson,sburch@example.net,22,Male,3,IoT,69,Drive television necessary long.,South Jason
5308,Sean Lewis,ejohnson@example.net,32,Other,2,IoT,92,Wear weight shoulder describe traditional law.,Hoganport
9969,Kristin Jordan,colleen61@example.net,30,Female,3,Web Development,82,Option sure total certain simply.,North Charlesport
4541,Natasha Wiggins,kristi78@example.com,20,Male,1,IoT,53,Three hold computer trip east.,New Adriana
3762,Rebecca Oliver,hjohnson@example.com,34,Other,3,AI & ML,87,Right remember sit fill skill owner whom west.,Rebeccaport
5137,Whitney Smith,ithompson@example.org,37,Male,1,Web Development,78,Work kitchen they use material lot.,Jessicaside
9871,Kimberly Hughes,garciaelizabeth@example.org,28,Other,1,AI & ML,94,Skin race degree picture someone both fund.,Robertton
7877,Kimberly Moreno,lkerr@example.com,34,Other,2,AI & ML,69,Yard beyond crime.,North Brandyton
4253,Anna Sanchez,ashley52@example.com,31,Female,3,Blockchain,59,Relationship explain space.,North Michelle
6163,Charles Cox,ayersmonica@example.net,32,Male,3,AI & ML,72,Sort sing remain two main.,West Stephen
2827,Jennifer Hayes,johnnygarcia@example.net,29,Female,3,IoT,55,Party rich apply.,East Hunter
4455,Carolyn Ferguson,garciarachel@example.net,39,Female,2,Web Development,75,Shake room effect project with.,Oliverborough
6489,Julie Swanson,bhill@example.net,24,Other,3,Web Development,91,Along at child image leave.,North Larry
8482,Christine Payne,amywhite@example.net,18,Male,1,IoT,93,Company organization structure theory.,Jacksonberg
4211,Shannon Friedman,amorgan@example.com,26,Other,2,Cybersecurity,99,Public stay voice nothing next.,New Danielton
2369,Steven Weber,armstrongkelly@example.net,36,Male,1,Blockchain,66,Already edge happy change rest course.,Danielshire
5983,Timothy Austin,uwalker@example.com,40,Other,2,Cybersecurity,86,Day back really.,West Regina
7088,Brenda Moreno,lewischristine@example.org,19,Male,3,IoT,84,Voice technology risk enjoy.,Michellefurt
4440,Timothy Robles,gdominguez@example.org,33,Male,2,Blockchain,90,Many need actually morning author decision common center.,Dixonside
4159,Andrew Roberts,dunnyvonne@example.com,30,Female,1,AI & ML,71,Out story big level writer laugh.,East Davidberg
9012,Justin Harris,caseyspears@example.net,36,Other,3,Blockchain,68,Fish water data with cost let mind.,East Shawn
5430,Heather Bean,jonathan64@example.com,40,Male,3,IoT,80,Operation herself occur art campaign.,Port Michelleville
2329,Adrienne Lee,bryantrhonda@example.org,36,Male,2,Web Development,97,Story yeah receive dog moment.,West Matthew
6694,Tammy Dalton,thomasnunez@example.com,20,Male,2,IoT,81,Institution toward stock position trip case nothing.,Susantown
1295,Denise Mitchell,brettwashington@example.org,35,Male,1,Blockchain,55,Entire mother guess purpose.,Halltown
1016,Crystal Wallace,ebrown@example.org,33,Female,2,Blockchain,75,But notice want space mention time history.,Baileyside
4421,Kimberly Barry,johnsonanthony@example.com,40,Female,1,Web Development,67,Coach day research medical hear color.,West Justin
5987,Gabriel Duncan,kwhite@example.com,38,Female,2,IoT,98,Where sense performance meeting address executive.,North Sandra
9877,Andrew Martinez,brittney40@example.com,31,Other,1,Blockchain,57,Difference good during.,Port John
7297,Sylvia Scott,melissa86@example.net,27,Female,2,IoT,99,Real reality institution major skin clear color there.,Meganview
5090,David Gilbert,itaylor@example.net,23,Female,3,Blockchain,64,Operation would I deal practice.,South Johnport
6449,Samantha Huffman,perezjoseph@example.org,33,Other,1,Web Development,99,Whom degree available.,New Nicholasberg
6124,Krista Ramos,joshuaharper@example.org,40,Other,1,Cybersecurity,90,Modern board present owner job half plant.,Tapiamouth
3033,Daryl Castro,rebeccarivas@example.net,40,Male,1,Cybersecurity,67,Rest need another knowledge land.,Flemingmouth
6726,Curtis Herrera,kevin34@example.org,24,Other,1,Cybersecurity,97,Method success better democratic mind.,East Linda
8515,Robert Thompson,rharrison@example.org,37,Male,1,Cybersecurity,85,Democrat need fly sea.,South Kathleentown
1792,Jessica Montgomery,bsmith@example.com,23,Male,2,AI & ML,71,Change no new than.,Kennethview
5335,Carla Diaz,tammydavis@example.org,27,Female,2,Web Development,63,Majority outside police reflect focus.,Kimview
2578,Paul Harrington,linda21@example.net,34,Female,2,Cybersecurity,76,Eat up risk win no.,Josephchester
7367,Eric Hatfield,jasminerojas@example.org,38,Male,2,Blockchain,57,Piece street term idea onto person physical.,Debbieburgh
4326,Cynthia Wilson,bbooker@example.net,18,Other,2,AI & ML,62,Reason political the information how final.,East Alexander
5823,Mr. Robert Mann,asmith@example.net,27,Female,1,IoT,100,Letter ground main tell your.,Gilberttown
3153,Amanda Gilbert PhD,troyhamilton@example.com,19,Female,1,Cybersecurity,58,Mission three thank because our top teach.,Whiteville
5690,Alfred Wood,qgiles@example.com,30,Other,3,Cybersecurity,96,Father trouble business direction address always education.,Mendezborough
9498,Rachel Yoder,ellendiaz@example.org,35,Female,3,IoT,67,Relate door involve approach.,East Jasmineberg
8013,Jesse Lopez,aguirrejoshua@example.org,39,Female,2,AI & ML,74,Artist choice gas product generation bag.,Lake Sandra
9533,Scott Combs,david46@example.org,26,Female,3,AI & ML,56,Mind plant message anyone.,Alexandershire
2012,Edward Stevens,staceypham@example.net,25,Other,3,AI & ML,94,Television political suffer third.,Hunterport
9100,Amanda Reeves,rodriguezjanice@example.org,39,Male,1,Web Development,59,Return might exist daughter plan power research.,East Rick
7381,Scott Haley,williamskathleen@example.com,32,Other,2,Cybersecurity,77,Minute official threat range.,Port Keithfort
1591,Roger Rodriguez,kanthony@example.com,29,Other,1,IoT,71,Tell fire garden out.,Jacksonton
8177,Jon Rodriguez,kathy27@example.com,27,Female,1,Cybersecurity,67,Piece style clear learn bill.,West Williamshire
9208,Michael Beck,andrew82@example.org,33,Female,3,Blockchain,79,Sell however first them example tonight wide on.,Codyland
5271,Barbara Jones,mmoore@example.net,20,Male,3,Cybersecurity,90,Property event party film lay.,South Cathyview
5687,Charles James,wgarcia@example.org,30,Male,1,Cybersecurity,57,Ask project behavior heavy purpose effect.,Port Lindabury
3670,Shannon Ortiz,rachelbutler@example.com,35,Other,3,IoT,83,Study then cost discuss late season.,West Shannon
4218,Charles Robertson,sandra27@example.org,34,Female,3,IoT,84,Window chair money western determine benefit join theory.,Lake Tracey
4712,Melissa Mills,rcobb@example.com,29,Other,1,Web Development,94,Level attention marriage citizen always fear firm.,East Emmastad
9117,Peter Turner,mitchellmatthew@example.org,19,Female,3,IoT,58,There wide adult suddenly because decision.,Dwaynemouth
8597,Darlene King,jeremiahdaniels@example.net,18,Female,1,IoT,91,Stock city soldier fight research thank.,South George
9886,Claudia Swanson,simmonsmary@example.com,35,Other,2,Web Development,59,Floor during sister usually in.,East Donnashire
8801,Randy Williams,emilytaylor@example.org,24,Female,2,AI & ML,60,Training rate million me.,Garciaburgh
5047,Jonathan Ross,jamesray@example.org,37,Other,3,Cybersecurity,74,Four whose right.,North Melissatown
5127,Kelly Barnett,nicole23@example.net,27,Female,3,Blockchain,70,Nor for few amount knowledge hit.,New Robin
9348,Crystal Davies,valeriecollier@example.org,19,Female,2,Cybersecurity,51,School offer couple floor sea.,West Oscar
7933,Casey Smith,lisabenitez@example.com,38,Female,3,Web Development,83,Hope environmental leg former send night.,Port Benjaminmouth
1664,Zachary Burke,flindsey@example.org,36,Other,3,Cybersecurity,86,Them team how which plant capital training.,Port Madison
2795,William Henderson,shanechan@example.net,35,Female,2,IoT,50,West idea Congress why condition answer since.,Reyesside
6141,Deborah Sanders,john09@example.com,26,Other,2,IoT,85,Bill red around remember like result need over.,Port Jeffrey
8577,Bernard Barber,jmorgan@example.com,35,Female,1,AI & ML,56,Next just cut get.,Jonathanfurt
5032,Barbara Mason,lewistasha@example.org,23,Male,3,Web Development,65,Create son tree age reason success plan turn.,East Anthony
3280,James Wells,hardyandrea@example.org,25,Male,2,IoT,83,Room suffer subject example with feeling.,North Daniellemouth
2868,Jack Davis II,andersonjoanna@example.net,31,Female,1,Blockchain,63,Responsibility type form.,North Andrewhaven
8169,Kaylee Goodman,kimberly29@example.org,19,Female,1,Blockchain,73,Bed within physical son book hour.,Patriciamouth
3978,Kaylee Snyder,vmiller@example.net,33,Other,3,Blockchain,54,Television answer much teach coach.,East Robin
6691,Candice Anderson,ibrown@example.com,39,Other,3,Blockchain,62,Never offer study type with draw run language.,Port Robertmouth
3554,Michelle Price,martin84@example.com,31,Male,2,Web Development,68,Threat hundred phone animal.,New Evan
5326,Theresa Simmons,mary04@example.net,21,Female,1,Web Development,88,Foot field international really doctor.,Jameston
9720,Mrs. Alice Robinson,sharonmeyer@example.org,33,Other,2,Cybersecurity,51,Police later truth road spend.,Joshuashire
9710,Johnny Young,deborahritter@example.net,22,Other,1,AI & ML,60,Reach professor spring thus quite.,West Bryceside
7120,Isabel Allen,gthomas@example.org,35,Female,2,IoT,73,Position establish full.,Brownberg
3579,Lisa Carey,djackson@example.org,27,Other,1,AI & ML,69,Film measure imagine fact analysis.,Randallberg
4433,Steve Cox,pjackson@example.org,20,Male,3,Web Development,96,Account ten four continue of wide class.,Port Tanyaland
3458,Madison Smith,jerrylopez@example.net,32,Other,1,Blockchain,55,Memory teacher central contain performance company.,South Juan
6065,Amy Palmer,kristierodriguez@example.net,25,Male,1,Cybersecurity,59,Avoid example follow stand much talk.,Forbesside
5282,Christopher Banks,pamelaguzman@example.org,21,Other,1,Web Development,76,Method lay alone important above tend similar.,South Michael
4246,Katherine Mcknight,rodrigueznicholas@example.net,35,Female,3,AI & ML,63,Apply wonder station employee turn.,Port Grace
4632,Matthew Sanchez,jamesball@example.org,28,Male,2,Cybersecurity,54,Effect general concern any can.,New Michael
8544,Kathleen Hicks,carpentertyler@example.com,24,Female,3,Blockchain,75,Certainly far trip.,Ramirezburgh
3869,Katrina Russell,rcarter@example.org,34,Other,3,Cybersecurity,62,Miss star southern despite meeting.,South Tina
6850,Rachael King,santanamichael@example.net,34,Male,1,Cybersecurity,92,Action skill student material around sport term.,New Judychester
8200,Elizabeth Martinez,travisrichard@example.org,31,Other,1,IoT,67,Pm tax every politics herself.,Hillfort
8783,Brandon Wagner,melissabailey@example.net,26,Male,1,Cybersecurity,69,Three provide offer environment.,Jessicamouth
9837,Christopher Mercer,brandon72@example.com,36,Other,1,Blockchain,99,Attorney science back raise simple.,Glennport
9384,Brad Gonzalez,combsjohn@example.org,21,Male,1,IoT,69,Far newspaper new for hear page.,New Michelle
2096,Deborah Le,zsalazar@example.org,20,Male,2,Blockchain,80,Ask live star all base feeling recently.,North Olivia
5971,Troy Neal,joshuaburns@example.com,18,Other,1,Web Development,72,Instead TV choose tree majority sure administration.,Robertshire
7576,Sandra Wallace,ruthtorres@example.net,23,Male,1,AI & ML,75,Modern question activity open body out woman.,Williamsborough
5951,Kathryn Macias,alicia61@example.org,19,Other,2,Web Development,100,Baby hope sister treat thousand.,Port Johnside
7848,Sydney Scott,umoreno@example.net,39,Female,2,Blockchain,66,Home someone feeling hard five.,Nicoleport
3241,Martha Ramos,nelsonthomas@example.org,35,Other,1,AI & ML,53,Body through outside long.,Kennedytown
2957,Jennifer Brown,ashley44@example.net,24,Other,1,IoT,64,Republican resource son little herself turn one whose.,Lake Natalie
2212,Marcus Erickson,vjohnston@example.com,39,Female,3,AI & ML,97,Unit line across wall technology.,Lake Terri
2323,Christine Miller,richard67@example.org,36,Female,2,IoT,76,Provide election source late.,Lake Christopherville
